
CREATE TABLE IF NOT EXISTS `django_migrations` (`id` integer NOT NULL PRIMARY KEY AUTO_INCREMENT, `app` varchar(255) NOT NULL, `name` varchar(255) NOT NULL, `applied` datetime NOT NULL);
INSERT INTO django_migrations VALUES(1,'accounting','0001_initial','2024-09-25 02:41:55.178085');
INSERT INTO django_migrations VALUES(2,'contenttypes','0001_initial','2024-09-25 02:41:55.185431');
INSERT INTO django_migrations VALUES(3,'auth','0001_initial','2024-09-25 02:41:55.199436');
INSERT INTO django_migrations VALUES(4,'admin','0001_initial','2024-09-25 02:41:55.211273');
INSERT INTO django_migrations VALUES(5,'admin','0002_logentry_remove_auto_add','2024-09-25 02:41:55.221744');
INSERT INTO django_migrations VALUES(6,'admin','0003_logentry_add_action_flag_choices','2024-09-25 02:41:55.233697');
INSERT INTO django_migrations VALUES(7,'contenttypes','0002_remove_content_type_name','2024-09-25 02:41:55.249550');
INSERT INTO django_migrations VALUES(8,'auth','0002_alter_permission_name_max_length','2024-09-25 02:41:55.259603');
INSERT INTO django_migrations VALUES(9,'auth','0003_alter_user_email_max_length','2024-09-25 02:41:55.268592');
INSERT INTO django_migrations VALUES(10,'auth','0004_alter_user_username_opts','2024-09-25 02:41:55.275733');
INSERT INTO django_migrations VALUES(11,'auth','0005_alter_user_last_login_null','2024-09-25 02:41:55.284824');
INSERT INTO django_migrations VALUES(12,'auth','0006_require_contenttypes_0002','2024-09-25 02:41:55.288249');
INSERT INTO django_migrations VALUES(13,'auth','0007_alter_validators_add_error_messages','2024-09-25 02:41:55.296329');
INSERT INTO django_migrations VALUES(14,'auth','0008_alter_user_username_max_length','2024-09-25 02:41:55.306883');
INSERT INTO django_migrations VALUES(15,'auth','0009_alter_user_last_name_max_length','2024-09-25 02:41:55.319288');
INSERT INTO django_migrations VALUES(16,'auth','0010_alter_group_name_max_length','2024-09-25 02:41:55.328604');
INSERT INTO django_migrations VALUES(17,'auth','0011_update_proxy_permissions','2024-09-25 02:41:55.335351');
INSERT INTO django_migrations VALUES(18,'auth','0012_alter_user_first_name_max_length','2024-09-25 02:41:55.344641');
INSERT INTO django_migrations VALUES(19,'sessions','0001_initial','2024-09-25 02:41:55.349535');
INSERT INTO django_migrations VALUES(20,'accounting','0002_auto_20240925_0750','2024-09-25 04:50:46.429806');
INSERT INTO django_migrations VALUES(21,'accounting','0003_auto_20240925_0808','2024-09-25 05:09:03.523556');
INSERT INTO django_migrations VALUES(22,'accounting','0004_auto_20240925_0848','2024-09-25 05:48:24.356713');
INSERT INTO django_migrations VALUES(23,'accounting','0005_remove_income_source','2024-09-25 13:34:02.258201');
INSERT INTO django_migrations VALUES(24,'accounting','0006_auto_20240925_1735','2024-09-25 14:35:27.221634');
INSERT INTO django_migrations VALUES(25,'accounting','0007_alter_expense_category','2024-09-26 08:05:47.657758');
INSERT INTO django_migrations VALUES(26,'accounting','0008_alter_expense_category','2024-09-26 13:23:25.027902');
INSERT INTO django_migrations VALUES(27,'accounting','0009_carexpense','2024-10-01 05:10:42.120527');
INSERT INTO django_migrations VALUES(28,'accounting','0010_auto_20241001_1733','2024-10-01 14:33:31.384461');
INSERT INTO django_migrations VALUES(29,'accounting','0011_carexpense_note','2024-10-01 14:53:27.410923');
INSERT INTO django_migrations VALUES(30,'accounting','0012_userprofile','2024-10-03 14:04:31.346607');
CREATE TABLE IF NOT EXISTS `auth_group_permissions` (`id` integer NOT NULL PRIMARY KEY AUTO_INCREMENT, `group_id` integer NOT NULL REFERENCES `auth_group` (`id`) `, `permission_id` integer NOT NULL REFERENCES `auth_permission` (`id`) `);
CREATE TABLE IF NOT EXISTS `auth_user_groups` (`id` integer NOT NULL PRIMARY KEY AUTO_INCREMENT, `user_id` integer NOT NULL REFERENCES `auth_user` (`id`) `, `group_id` integer NOT NULL REFERENCES `auth_group` (`id`) `);
CREATE TABLE IF NOT EXISTS `auth_user_user_permissions` (`id` integer NOT NULL PRIMARY KEY AUTO_INCREMENT, `user_id` integer NOT NULL REFERENCES `auth_user` (`id`) `, `permission_id` integer NOT NULL REFERENCES `auth_permission` (`id`) `);
CREATE TABLE IF NOT EXISTS `django_admin_log` (`id` integer NOT NULL PRIMARY KEY AUTO_INCREMENT, `action_time` datetime NOT NULL, `object_id` text NULL, `object_repr` varchar(200) NOT NULL, `change_message` text NOT NULL, `content_type_id` integer NULL REFERENCES `django_content_type` (`id`) `, `user_id` integer NOT NULL REFERENCES `auth_user` (`id`) `, `action_flag` smallint unsigned NOT NULL CHECK (`action_flag` >= 0));
INSERT INTO django_admin_log VALUES(12,'2024-10-03 15:56:07.117158','1','lara','[{`changed`: {`fields`: [`Phone`]}}]',10,10,2);
INSERT INTO django_admin_log VALUES(13,'2024-10-03 16:14:05.804955','10','lara','[{`changed`: {`fields`: [`First name`]}}]',4,10,2);
INSERT INTO django_admin_log VALUES(14,'2024-10-03 16:14:17.164002','10','lara','[{`changed`: {`fields`: [`First name`]}}]',4,10,2);
CREATE TABLE IF NOT EXISTS `django_content_type` (`id` integer NOT NULL PRIMARY KEY AUTO_INCREMENT, `app_label` varchar(100) NOT NULL, `model` varchar(100) NOT NULL);
INSERT INTO django_content_type VALUES(1,'admin','logentry');
INSERT INTO django_content_type VALUES(2,'auth','permission');
INSERT INTO django_content_type VALUES(3,'auth','group');
INSERT INTO django_content_type VALUES(4,'auth','user');
INSERT INTO django_content_type VALUES(5,'contenttypes','contenttype');
INSERT INTO django_content_type VALUES(6,'sessions','session');
INSERT INTO django_content_type VALUES(7,'accounting','expense');
INSERT INTO django_content_type VALUES(8,'accounting','income');
INSERT INTO django_content_type VALUES(9,'accounting','carexpense');
INSERT INTO django_content_type VALUES(10,'accounting','userprofile');
CREATE TABLE IF NOT EXISTS `auth_permission` (`id` integer NOT NULL PRIMARY KEY AUTO_INCREMENT, `content_type_id` integer NOT NULL REFERENCES `django_content_type` (`id`) `, `codename` varchar(100) NOT NULL, `name` varchar(255) NOT NULL);
INSERT INTO auth_permission VALUES(1,1,'add_logentry','Can add log entry');
INSERT INTO auth_permission VALUES(2,1,'change_logentry','Can change log entry');
INSERT INTO auth_permission VALUES(3,1,'delete_logentry','Can delete log entry');
INSERT INTO auth_permission VALUES(4,1,'view_logentry','Can view log entry');
INSERT INTO auth_permission VALUES(5,2,'add_permission','Can add permission');
INSERT INTO auth_permission VALUES(6,2,'change_permission','Can change permission');
INSERT INTO auth_permission VALUES(7,2,'delete_permission','Can delete permission');
INSERT INTO auth_permission VALUES(8,2,'view_permission','Can view permission');
INSERT INTO auth_permission VALUES(9,3,'add_group','Can add group');
INSERT INTO auth_permission VALUES(10,3,'change_group','Can change group');
INSERT INTO auth_permission VALUES(11,3,'delete_group','Can delete group');
INSERT INTO auth_permission VALUES(12,3,'view_group','Can view group');
INSERT INTO auth_permission VALUES(13,4,'add_user','Can add user');
INSERT INTO auth_permission VALUES(14,4,'change_user','Can change user');
INSERT INTO auth_permission VALUES(15,4,'delete_user','Can delete user');
INSERT INTO auth_permission VALUES(16,4,'view_user','Can view user');
INSERT INTO auth_permission VALUES(17,5,'add_contenttype','Can add content type');
INSERT INTO auth_permission VALUES(18,5,'change_contenttype','Can change content type');
INSERT INTO auth_permission VALUES(19,5,'delete_contenttype','Can delete content type');
INSERT INTO auth_permission VALUES(20,5,'view_contenttype','Can view content type');
INSERT INTO auth_permission VALUES(21,6,'add_session','Can add session');
INSERT INTO auth_permission VALUES(22,6,'change_session','Can change session');
INSERT INTO auth_permission VALUES(23,6,'delete_session','Can delete session');
INSERT INTO auth_permission VALUES(24,6,'view_session','Can view session');
INSERT INTO auth_permission VALUES(25,7,'add_expense','Can add expense');
INSERT INTO auth_permission VALUES(26,7,'change_expense','Can change expense');
INSERT INTO auth_permission VALUES(27,7,'delete_expense','Can delete expense');
INSERT INTO auth_permission VALUES(28,7,'view_expense','Can view expense');
INSERT INTO auth_permission VALUES(29,8,'add_income','Can add income');
INSERT INTO auth_permission VALUES(30,8,'change_income','Can change income');
INSERT INTO auth_permission VALUES(31,8,'delete_income','Can delete income');
INSERT INTO auth_permission VALUES(32,8,'view_income','Can view income');
INSERT INTO auth_permission VALUES(33,9,'add_carexpense','Can add Расход на автомобиль');
INSERT INTO auth_permission VALUES(34,9,'change_carexpense','Can change Расход на автомобиль');
INSERT INTO auth_permission VALUES(35,9,'delete_carexpense','Can delete Расход на автомобиль');
INSERT INTO auth_permission VALUES(36,9,'view_carexpense','Can view Расход на автомобиль');
INSERT INTO auth_permission VALUES(37,10,'add_userprofile','Can add user profile');
INSERT INTO auth_permission VALUES(38,10,'change_userprofile','Can change user profile');
INSERT INTO auth_permission VALUES(39,10,'delete_userprofile','Can delete user profile');
INSERT INTO auth_permission VALUES(40,10,'view_userprofile','Can view user profile');
CREATE TABLE IF NOT EXISTS `auth_group` (`id` integer NOT NULL PRIMARY KEY AUTO_INCREMENT, `name` varchar(150) NOT NULL UNIQUE);
CREATE TABLE IF NOT EXISTS `auth_user` (`id` integer NOT NULL PRIMARY KEY AUTO_INCREMENT, `password` varchar(128) NOT NULL, `last_login` datetime NULL, `is_superuser` bool NOT NULL, `username` varchar(150) NOT NULL UNIQUE, `last_name` varchar(150) NOT NULL, `email` varchar(254) NOT NULL, `is_staff` bool NOT NULL, `is_active` bool NOT NULL, `date_joined` datetime NOT NULL, `first_name` varchar(150) NOT NULL);
INSERT INTO auth_user VALUES(10,'pbkdf2_sha256$260000$czPr1OgJUM9nOhb6WTned3$kdEMWWH1ihg92Qjq6Rz7sHlXcRTsfVzhI9UEiYz0htQ=','2024-10-04 07:46:06.687977',1,'lara','Куликова','kulikovalara2.22@gmail.com',1,1,'2024-10-03 14:30:19','Лариса');
INSERT INTO auth_user VALUES(11,'pbkdf2_sha256$260000$KWCUekDoOLk7enm1vPfECN$UiveGA5KpnouXb4Gd+dve1xIElScLe/mKM8uBeoq6kM=','2024-10-03 18:52:35.933148',0,'Vasia1','','',0,1,'2024-10-03 18:40:20.655797','');
CREATE TABLE IF NOT EXISTS `django_session` (`session_key` varchar(40) NOT NULL PRIMARY KEY, `session_data` text NOT NULL, `expire_date` datetime NOT NULL);
INSERT INTO django_session VALUES('jghzqh63w03r54bepuh83uxnzyr1bzdn','.eJxVjEEOwiAURO_C2hAQSqhL956B_OGDVA0kpV0Z726bdKHLmfdm3iLQupSw9jSHicVFaHH67UDxmeoO-EH13mRsdZknyF2RB-3y1ji9rof7d1Col22t4NRgImWboHmAiSoijrDkmdmPOScPdTbsDAGJdNZQCqAtOrJZfL4fXznf:1stKP4:zM7X9-iNj4iuY7iM0OEHXOfIM2QgjCfB4A9rgdb32k4','2024-10-09 05:17:30.029619');
INSERT INTO django_session VALUES('26cw1rtm48xwjnhcdxyv7rg9vksnuqj2','.eJxVjDsOwjAQBe_iGln-xTaU9DlDtGvv4gCypTipEHeHSCmgfTPzXmKCbS3T1mmZ5iwuYhCn3w0hPajuIN-h3ppMra7LjHJX5EG7HFum5_Vw_w4K9PKtFXKIAQ0HMuxTYqsYwRODdoSWkc4cnFYmE-NgrEkpQvYqDtGh0lG8Px6kOPA:1stKZk:Or0oBa1w-W10-jFODl2Go6Cy9pMyz6qxxQgWGNW8GjY','2024-10-09 05:28:32.044156');
INSERT INTO django_session VALUES('09zq5a65j3hpz82atxnkfyqxkkug84xi','.eJxVjEEOwiAURO_C2hAQSqhL956B_OGDVA0kpV0Z726bdKHLmfdm3iLQupSw9jSHicVFaHH67UDxmeoO-EH13mRsdZknyF2RB-3y1ji9rof7d1Col22t4NRgImWboHmAiSoijrDkmdmPOScPdTbsDAGJdNZQCqAtOrJZfL4fXznf:1stKwu:U7QZBuF0vX9-QFuFs7ZxHM_eO7MeHLaWHyESGOA-pcs','2024-10-09 05:52:28.375616');
INSERT INTO django_session VALUES('btkphwxk4qd1gmx8nkwaojnjn8f6ebg1','.eJxVjEEOwiAURO_C2hAQSqhL956B_OGDVA0kpV0Z726bdKHLmfdm3iLQupSw9jSHicVFaHH67UDxmeoO-EH13mRsdZknyF2RB-3y1ji9rof7d1Col22t4NRgImWboHmAiSoijrDkmdmPOScPdTbsDAGJdNZQCqAtOrJZfL4fXznf:1stRuc:f-fU_WBInPFKrb2fBbf2gy4CALHtYpadASeYTYgieX4','2024-10-09 13:18:34.315565');
INSERT INTO django_session VALUES('v7219hihnsgw7ut7g2aug2by613lq0gl','.eJxVjEEOwiAURO_C2hAQSqhL956B_OGDVA0kpV0Z726bdKHLmfdm3iLQupSw9jSHicVFaHH67UDxmeoO-EH13mRsdZknyF2RB-3y1ji9rof7d1Col22t4NRgImWboHmAiSoijrDkmdmPOScPdTbsDAGJdNZQCqAtOrJZfL4fXznf:1stSEe:vrXneSo72Q-ozX2U9RD8qyHW5WR6r8zzrku2HAT8R0A','2024-10-09 13:39:16.959893');
INSERT INTO django_session VALUES('0foe72khkq61o3xkhi5fefrwk9htm8zb','.eJxVjEEOwiAURO_C2hAQSqhL956B_OGDVA0kpV0Z726bdKHLmfdm3iLQupSw9jSHicVFaHH67UDxmeoO-EH13mRsdZknyF2RB-3y1ji9rof7d1Col22t4NRgImWboHmAiSoijrDkmdmPOScPdTbsDAGJdNZQCqAtOrJZfL4fXznf:1stSHM:_sad-XW8x39AuED2lV5v23ELG0ftyx4sUKtqh5JOK1Q','2024-10-09 13:42:04.290506');
INSERT INTO django_session VALUES('5lthwt8avcq82nyyfr90n8heeamokoi9','.eJxVjEEOwiAURO_C2hAQSqhL956B_OGDVA0kpV0Z726bdKHLmfdm3iLQupSw9jSHicVFaHH67UDxmeoO-EH13mRsdZknyF2RB-3y1ji9rof7d1Col22t4NRgImWboHmAiSoijrDkmdmPOScPdTbsDAGJdNZQCqAtOrJZfL4fXznf:1stSKw:mFFjBDoJXcmcVDhsg_tAqZiuaWkU6V2ilntqCi02mFk','2024-10-09 13:45:46.198351');
INSERT INTO django_session VALUES('lcu1lu7t9z9d72jikz1t5kww922fu8qc','.eJxVjEEOwiAURO_C2hAQSqhL956B_OGDVA0kpV0Z726bdKHLmfdm3iLQupSw9jSHicVFaHH67UDxmeoO-EH13mRsdZknyF2RB-3y1ji9rof7d1Col22t4NRgImWboHmAiSoijrDkmdmPOScPdTbsDAGJdNZQCqAtOrJZfL4fXznf:1stSLs:0OZGpuwb0DG1o3Ce9CgyNhf-J72Pqx9IiKrB1UKLFls','2024-10-09 13:46:44.021204');
INSERT INTO django_session VALUES('a98pcxi6mki3docjuca424bwnufxpdeo','.eJxVjEEOwiAURO_C2hAQSqhL956B_OGDVA0kpV0Z726bdKHLmfdm3iLQupSw9jSHicVFaHH67UDxmeoO-EH13mRsdZknyF2RB-3y1ji9rof7d1Col22t4NRgImWboHmAiSoijrDkmdmPOScPdTbsDAGJdNZQCqAtOrJZfL4fXznf:1stSnG:EBBg7RIN3YpDdrOY-GF1syOiOTfGHED1BuJuHVpmOlA','2024-10-09 14:15:02.396658');
INSERT INTO django_session VALUES('du8jmxg61tql2u7myi66lw60i8snd7nb','.eJxVjEEOwiAURO_C2hAQSqhL956B_OGDVA0kpV0Z726bdKHLmfdm3iLQupSw9jSHicVFaHH67UDxmeoO-EH13mRsdZknyF2RB-3y1ji9rof7d1Col22t4NRgImWboHmAiSoijrDkmdmPOScPdTbsDAGJdNZQCqAtOrJZfL4fXznf:1stTcO:8_djMPPGJkS4cbFWYTmDFoz7ABLKyOpDidiBaTcr0ug','2024-10-09 15:07:52.492955');
INSERT INTO django_session VALUES('1qozbmtxt5soni9v35uo4qf9j5a7k4s0','.eJxVjEEOwiAURO_C2hAQSqhL956B_OGDVA0kpV0Z726bdKHLmfdm3iLQupSw9jSHicVFaHH67UDxmeoO-EH13mRsdZknyF2RB-3y1ji9rof7d1Col22t4NRgImWboHmAiSoijrDkmdmPOScPdTbsDAGJdNZQCqAtOrJZfL4fXznf:1stTl4:QIKd4E4ivb4mO0Igy0bnLI5bGY4qwHPIDDhd4WbYp28','2024-10-09 15:16:50.379317');
INSERT INTO django_session VALUES('8hrf03c5304q5cng77j7q2wu8kijoa3o','.eJxVjEEOwiAURO_C2hAQSqhL956B_OGDVA0kpV0Z726bdKHLmfdm3iLQupSw9jSHicVFaHH67UDxmeoO-EH13mRsdZknyF2RB-3y1ji9rof7d1Col22t4NRgImWboHmAiSoijrDkmdmPOScPdTbsDAGJdNZQCqAtOrJZfL4fXznf:1stTrO:_6zW2yBwgV5sP2SqEbIsPcufVDhSujdUTmhA8z_PAP4','2024-10-09 15:23:22.660539');
INSERT INTO django_session VALUES('ptk0tltheff48o93nsox4q8n9g7y2k1p','.eJxVjE0OwiAYBe_C2hAQgujSvWcg369UDU1Ku2q8uzbpQrdvZt5qCixzLUuXqQxsLiaZw--GQE9pG-AHtPtoaWzzNKDdFLvTbm8jy-u6u38HFXr91s4jMfBJIYiAz5yPyC5nOEflFChGcQJElFQpOYUcEkhA7wnFZzXvDyt-OdM:1stTt3:rpvFa2tcdTatgQ9rgbfJPK0jbT2W_-zcZexAh1j5nJQ','2024-10-09 15:25:05.961626');
INSERT INTO django_session VALUES('j1u1zphbeu6vfn4r7yvs4t10x2lnyvr2','.eJxVjEEOwiAURO_C2hAQSqhL956B_OGDVA0kpV0Z726bdKHLmfdm3iLQupSw9jSHicVFaHH67UDxmeoO-EH13mRsdZknyF2RB-3y1ji9rof7d1Col22t4NRgImWboHmAiSoijrDkmdmPOScPdTbsDAGJdNZQCqAtOrJZfL4fXznf:1stUOK:O-IxppBdAorySPAc_QHHF9rWdy5hh6zDFeAScOIGrb0','2024-10-09 15:57:24.275234');
INSERT INTO django_session VALUES('5ntge7871tx25kbpra4zm803b6n4baq8','.eJxVjEEOwiAURO_C2hAQSqhL956B_OGDVA0kpV0Z726bdKHLmfdm3iLQupSw9jSHicVFaHH67UDxmeoO-EH13mRsdZknyF2RB-3y1ji9rof7d1Col22t4NRgImWboHmAiSoijrDkmdmPOScPdTbsDAGJdNZQCqAtOrJZfL4fXznf:1stV7x:LWALfCmKTXL-DecNs0CJON0H-kIRU2aZiXmo0BSCcCk','2024-10-09 16:44:33.258651');
INSERT INTO django_session VALUES('w92lj00m65r5jehokiolzx4k8t09ublt','.eJxVjEEOwiAURO_C2hAQSqhL956B_OGDVA0kpV0Z726bdKHLmfdm3iLQupSw9jSHicVFaHH67UDxmeoO-EH13mRsdZknyF2RB-3y1ji9rof7d1Col22t4NRgImWboHmAiSoijrDkmdmPOScPdTbsDAGJdNZQCqAtOrJZfL4fXznf:1stgDA:t4yoUXVn-XAlcfRZh6Fr4YnYLfn7ZNJ91qDmVlYQl4k','2024-10-10 04:34:40.774387');
INSERT INTO django_session VALUES('cuo45kz2koh1mb0c9wkdiocg0gnyotow','.eJxVjEEOwiAURO_C2hAQSqhL956B_OGDVA0kpV0Z726bdKHLmfdm3iLQupSw9jSHicVFaHH67UDxmeoO-EH13mRsdZknyF2RB-3y1ji9rof7d1Col22t4NRgImWboHmAiSoijrDkmdmPOScPdTbsDAGJdNZQCqAtOrJZfL4fXznf:1stgEO:eejRFB5Kixre6lh3gWgQyXqTYXN3ZntjnoX8kn7CFjs','2024-10-10 04:35:56.164439');
INSERT INTO django_session VALUES('26rippyzcu13tric85q6nyvav07juxcs','.eJxVjEEOwiAURO_C2hAQSqhL956B_OGDVA0kpV0Z726bdKHLmfdm3iLQupSw9jSHicVFaHH67UDxmeoO-EH13mRsdZknyF2RB-3y1ji9rof7d1Col22t4NRgImWboHmAiSoijrDkmdmPOScPdTbsDAGJdNZQCqAtOrJZfL4fXznf:1stjKm:qOBRwWH3aiCkmsjc6knohikss8Fnz7_aKWZ3FQ95jiw','2024-10-10 07:54:44.507343');
INSERT INTO django_session VALUES('f919s9w3gxkofl7rnikvx9cz246jzq3y','.eJxVjEEOwiAURO_C2hAQSqhL956B_OGDVA0kpV0Z726bdKHLmfdm3iLQupSw9jSHicVFaHH67UDxmeoO-EH13mRsdZknyF2RB-3y1ji9rof7d1Col22t4NRgImWboHmAiSoijrDkmdmPOScPdTbsDAGJdNZQCqAtOrJZfL4fXznf:1stjab:o0IgPNfprLl5pnFCc9oHomKGypOuiwfyprA5ljka0I0','2024-10-10 08:11:05.706723');
INSERT INTO django_session VALUES('4wm22dd3f269y7dybxnhs5rk70rmvtoy','.eJxVjEEOwiAURO_C2hAQSqhL956B_OGDVA0kpV0Z726bdKHLmfdm3iLQupSw9jSHicVFaHH67UDxmeoO-EH13mRsdZknyF2RB-3y1ji9rof7d1Col22t4NRgImWboHmAiSoijrDkmdmPOScPdTbsDAGJdNZQCqAtOrJZfL4fXznf:1stoei:I22rRj2NkMcF3VyN-BHz6YG2HW7iByciqsZ3U5hfuCc','2024-10-10 13:35:40.296638');
INSERT INTO django_session VALUES('gkuxl1egs0t8by4rqp0k2taznlwk1uj6','.eJxVjEEOwiAURO_C2hAQSqhL956B_OGDVA0kpV0Z726bdKHLmfdm3iLQupSw9jSHicVFaHH67UDxmeoO-EH13mRsdZknyF2RB-3y1ji9rof7d1Col22t4NRgImWboHmAiSoijrDkmdmPOScPdTbsDAGJdNZQCqAtOrJZfL4fXznf:1stoht:PwwK0ZZGwGRw8ZJJ4AWLZwa9MaUeIa7S0QwxcL0isSY','2024-10-10 13:38:57.528127');
INSERT INTO django_session VALUES('eqgc857gh32on8ccgnvzas4pu1vzsapy','.eJxVjEEOwiAURO_C2hAQSqhL956B_OGDVA0kpV0Z726bdKHLmfdm3iLQupSw9jSHicVFaHH67UDxmeoO-EH13mRsdZknyF2RB-3y1ji9rof7d1Col22t4NRgImWboHmAiSoijrDkmdmPOScPdTbsDAGJdNZQCqAtOrJZfL4fXznf:1su1t5:peveM4ulffjRJBVES5UpX60zG-LQxu1ZqKQkE9V8yK8','2024-10-11 03:43:23.673199');
INSERT INTO django_session VALUES('1d6ipg7f3c3j029p6wqn3btl8p0zjxns','.eJxVjEEOwiAURO_C2hAQSqhL956B_OGDVA0kpV0Z726bdKHLmfdm3iLQupSw9jSHicVFaHH67UDxmeoO-EH13mRsdZknyF2RB-3y1ji9rof7d1Col22t4NRgImWboHmAiSoijrDkmdmPOScPdTbsDAGJdNZQCqAtOrJZfL4fXznf:1su2c8:HGzl_Db3UzTyg3SteDQcbNAogJ57YEiG_6CQXNZNkno','2024-10-11 04:29:56.743085');
INSERT INTO django_session VALUES('2kql5kx96jnv9wydnxmvelgpeulxs02x','.eJxVjEEOwiAURO_C2hAQSqhL956B_OGDVA0kpV0Z726bdKHLmfdm3iLQupSw9jSHicVFaHH67UDxmeoO-EH13mRsdZknyF2RB-3y1ji9rof7d1Col22t4NRgImWboHmAiSoijrDkmdmPOScPdTbsDAGJdNZQCqAtOrJZfL4fXznf:1su3sh:z-mUBoqgGrwL8BgUIECYPQ-n51rW2SFfRq75hOvxuDg','2024-10-11 05:51:07.972825');
INSERT INTO django_session VALUES('acjfsx3zf9qmhf2godbndacsvoafew8t','.eJxVjEEOwiAURO_C2hAQSqhL956B_OGDVA0kpV0Z726bdKHLmfdm3iLQupSw9jSHicVFaHH67UDxmeoO-EH13mRsdZknyF2RB-3y1ji9rof7d1Col22t4NRgImWboHmAiSoijrDkmdmPOScPdTbsDAGJdNZQCqAtOrJZfL4fXznf:1su3uc:q6ryWbk6HEWyNwR0jAcBXK4PcffGVzRH-XTta_7A9tU','2024-10-11 05:53:06.562521');
INSERT INTO django_session VALUES('8wrb7rtew1msevasu4g3vjqc5ocke5eh','.eJxVjEEOwiAURO_C2hAQSqhL956B_OGDVA0kpV0Z726bdKHLmfdm3iLQupSw9jSHicVFaHH67UDxmeoO-EH13mRsdZknyF2RB-3y1ji9rof7d1Col22t4NRgImWboHmAiSoijrDkmdmPOScPdTbsDAGJdNZQCqAtOrJZfL4fXznf:1su3wB:_g0gNGTl66kZ10HKjm9HpP67syj3JgOazlsZIx7VEO4','2024-10-11 05:54:43.718566');
INSERT INTO django_session VALUES('rileqn6hwzlf1k9wbb3samf3fhwjkgp0','.eJxVjEEOwiAURO_C2hAQSqhL956B_OGDVA0kpV0Z726bdKHLmfdm3iLQupSw9jSHicVFaHH67UDxmeoO-EH13mRsdZknyF2RB-3y1ji9rof7d1Col22t4NRgImWboHmAiSoijrDkmdmPOScPdTbsDAGJdNZQCqAtOrJZfL4fXznf:1su46T:5RQMWPBgd5Br1_h0X7k4HPeQuICi4MYo1K1BVF09W1I','2024-10-11 06:05:21.906716');
INSERT INTO django_session VALUES('q2au5rxsd2vcmag9u6cna0edahq7whug','.eJxVjEEOwiAURO_C2hAQSqhL956B_OGDVA0kpV0Z726bdKHLmfdm3iLQupSw9jSHicVFaHH67UDxmeoO-EH13mRsdZknyF2RB-3y1ji9rof7d1Col22t4NRgImWboHmAiSoijrDkmdmPOScPdTbsDAGJdNZQCqAtOrJZfL4fXznf:1su4jV:S3ZMulilA_HDyM8St-xdCRaormXHkOJwc8AHm77PwVs','2024-10-11 06:45:41.699600');
INSERT INTO django_session VALUES('rgzxldhqmgzoe9k4wej6wqumk28sxkvt','.eJxVjEEOwiAURO_C2hAQSqhL956B_OGDVA0kpV0Z726bdKHLmfdm3iLQupSw9jSHicVFaHH67UDxmeoO-EH13mRsdZknyF2RB-3y1ji9rof7d1Col22t4NRgImWboHmAiSoijrDkmdmPOScPdTbsDAGJdNZQCqAtOrJZfL4fXznf:1su4n5:sWR1tIU7L_Ec6oqoPBMJA2uyuz12SZpktZ3DNXifZqU','2024-10-11 06:49:23.997686');
INSERT INTO django_session VALUES('kkj33gvoe3gv1isamo8i8a0xidjzw1u2','.eJxVjEEOwiAURO_C2hAQSqhL956B_OGDVA0kpV0Z726bdKHLmfdm3iLQupSw9jSHicVFaHH67UDxmeoO-EH13mRsdZknyF2RB-3y1ji9rof7d1Col22t4NRgImWboHmAiSoijrDkmdmPOScPdTbsDAGJdNZQCqAtOrJZfL4fXznf:1su5yU:z2DF2hRN1RAjinr7mG2AGiOGqfjakgxUars2Vha5d8E','2024-10-11 08:05:14.910189');
INSERT INTO django_session VALUES('vzpk1ffsvcjlm9113gx7fx9mjdvrdvaj','.eJxVjEEOwiAURO_C2hAQSqhL956B_OGDVA0kpV0Z726bdKHLmfdm3iLQupSw9jSHicVFaHH67UDxmeoO-EH13mRsdZknyF2RB-3y1ji9rof7d1Col22t4NRgImWboHmAiSoijrDkmdmPOScPdTbsDAGJdNZQCqAtOrJZfL4fXznf:1su6fJ:2dCraognRxX-h-saYe8bCCTkZ7adFAg_5FwjPEgmfIQ','2024-10-11 08:49:29.750537');
INSERT INTO django_session VALUES('9vkmh7eyeim6g37gieq0famz19u1nnvm','.eJxVjEEOwiAURO_C2hAQSqhL956B_OGDVA0kpV0Z726bdKHLmfdm3iLQupSw9jSHicVFaHH67UDxmeoO-EH13mRsdZknyF2RB-3y1ji9rof7d1Col22t4NRgImWboHmAiSoijrDkmdmPOScPdTbsDAGJdNZQCqAtOrJZfL4fXznf:1su7M0:wVs3081Ukv59oFXzMDh6V8pNFCtEw2fvYkbrIddAeu4','2024-10-11 09:33:36.167866');
INSERT INTO django_session VALUES('zmcw9iesvod7z7im34c8dibatq30ncj8','.eJxVjEEOwiAURO_C2hAQSqhL956B_OGDVA0kpV0Z726bdKHLmfdm3iLQupSw9jSHicVFaHH67UDxmeoO-EH13mRsdZknyF2RB-3y1ji9rof7d1Col22t4NRgImWboHmAiSoijrDkmdmPOScPdTbsDAGJdNZQCqAtOrJZfL4fXznf:1su7fh:QKQeZHRBiXlND7T5TWDdPb5jucjwukAIhulWw59ng68','2024-10-11 09:53:57.523577');
INSERT INTO django_session VALUES('ggdanbxx7064o3hrjzy8bdlqren9rhys','.eJxVjEEOwiAURO_C2hAQSqhL956B_OGDVA0kpV0Z726bdKHLmfdm3iLQupSw9jSHicVFaHH67UDxmeoO-EH13mRsdZknyF2RB-3y1ji9rof7d1Col22t4NRgImWboHmAiSoijrDkmdmPOScPdTbsDAGJdNZQCqAtOrJZfL4fXznf:1su8Cj:gOVWk7Aq-AkybDmScAy3eXEo1S2ic2e-1czC3Dmj6Yo','2024-10-11 10:28:05.856735');
INSERT INTO django_session VALUES('aynwvf2zsssjk7tk33t07womfhe13n2x','.eJxVjEEOwiAURO_C2hAQSqhL956B_OGDVA0kpV0Z726bdKHLmfdm3iLQupSw9jSHicVFaHH67UDxmeoO-EH13mRsdZknyF2RB-3y1ji9rof7d1Col22t4NRgImWboHmAiSoijrDkmdmPOScPdTbsDAGJdNZQCqAtOrJZfL4fXznf:1suOjb:rJsNG5QFTh5Cq50UiXrqE480zECrfeMvgpFCHNdvdk8','2024-10-12 04:07:07.351573');
INSERT INTO django_session VALUES('uwsa6c3i9g6sqovqetaemivll981vbrr','.eJxVjEEOwiAURO_C2hAQSqhL956B_OGDVA0kpV0Z726bdKHLmfdm3iLQupSw9jSHicVFaHH67UDxmeoO-EH13mRsdZknyF2RB-3y1ji9rof7d1Col22t4NRgImWboHmAiSoijrDkmdmPOScPdTbsDAGJdNZQCqAtOrJZfL4fXznf:1suOoR:F8k7XkbaHvREXahW-Tgr9B1OXAkGyPPm9wZnKzc4Hik','2024-10-12 04:12:07.042250');
INSERT INTO django_session VALUES('3q56tlp6r6zdw0rztgglhxumhg0py0gt','.eJxVjEEOwiAURO_C2hAQSqhL956B_OGDVA0kpV0Z726bdKHLmfdm3iLQupSw9jSHicVFaHH67UDxmeoO-EH13mRsdZknyF2RB-3y1ji9rof7d1Col22t4NRgImWboHmAiSoijrDkmdmPOScPdTbsDAGJdNZQCqAtOrJZfL4fXznf:1suOxi:xoj2GUWXK1GdnxjDSXDLPKQQ9h0Z5uu6O0A8Z1RyGNQ','2024-10-12 04:21:42.414580');
INSERT INTO django_session VALUES('86uow2gc2sz1w26y0xiqb9kll40ulp9z','.eJxVjEEOwiAURO_C2hAQSqhL956B_OGDVA0kpV0Z726bdKHLmfdm3iLQupSw9jSHicVFaHH67UDxmeoO-EH13mRsdZknyF2RB-3y1ji9rof7d1Col22t4NRgImWboHmAiSoijrDkmdmPOScPdTbsDAGJdNZQCqAtOrJZfL4fXznf:1suPDT:4TEXz13JXUziTiH_w1KP2xQW7P412ZppVFdffU4gIfc','2024-10-12 04:37:59.324129');
INSERT INTO django_session VALUES('pkz9g5lx54wnuqt722bphn67sd58nahi','.eJxVjEEOwiAURO_C2hAQSqhL956B_OGDVA0kpV0Z726bdKHLmfdm3iLQupSw9jSHicVFaHH67UDxmeoO-EH13mRsdZknyF2RB-3y1ji9rof7d1Col22t4NRgImWboHmAiSoijrDkmdmPOScPdTbsDAGJdNZQCqAtOrJZfL4fXznf:1svULZ:NyX_QcExxZbNBt2b5iy1wUNq0vvYdS9QTHs7T9Awsb4','2024-10-15 04:18:49.547572');
INSERT INTO django_session VALUES('mxkw6ym0zlb868veo8ene27mwhmh1zsy','.eJxVjEEOwiAURO_C2hAQSqhL956B_OGDVA0kpV0Z726bdKHLmfdm3iLQupSw9jSHicVFaHH67UDxmeoO-EH13mRsdZknyF2RB-3y1ji9rof7d1Col22t4NRgImWboHmAiSoijrDkmdmPOScPdTbsDAGJdNZQCqAtOrJZfL4fXznf:1svUWz:eMKLutgEpV7qoi3HgbyecDG0OvDVk0P6o7YLXzGxo-8','2024-10-15 04:30:37.629360');
INSERT INTO django_session VALUES('sc0qv98qoe7jfyo27w1677k58upkcktc','.eJxVjEEOwiAURO_C2hAQSqhL956B_OGDVA0kpV0Z726bdKHLmfdm3iLQupSw9jSHicVFaHH67UDxmeoO-EH13mRsdZknyF2RB-3y1ji9rof7d1Col22t4NRgImWboHmAiSoijrDkmdmPOScPdTbsDAGJdNZQCqAtOrJZfL4fXznf:1svUXe:7j_UvP83GQVQbZg7wdUrYZjpLyIysxmiSOHfWnpTFOc','2024-10-15 04:31:18.278587');
INSERT INTO django_session VALUES('ofikqr17a9ebnm7ypv8hog8dpatxgmvk','.eJxVjEEOwiAURO_C2hAQSqhL956B_OGDVA0kpV0Z726bdKHLmfdm3iLQupSw9jSHicVFaHH67UDxmeoO-EH13mRsdZknyF2RB-3y1ji9rof7d1Col22t4NRgImWboHmAiSoijrDkmdmPOScPdTbsDAGJdNZQCqAtOrJZfL4fXznf:1svUYv:hoSMgDor0lKD2nDhUy5Cp_ghlRu2iURsI4ywaxUnsmI','2024-10-15 04:32:37.067666');
INSERT INTO django_session VALUES('iycdiq5ak13o2k7s1gthgndj35f25vh2','.eJxVjEEOwiAURO_C2hAQSqhL956B_OGDVA0kpV0Z726bdKHLmfdm3iLQupSw9jSHicVFaHH67UDxmeoO-EH13mRsdZknyF2RB-3y1ji9rof7d1Col22t4NRgImWboHmAiSoijrDkmdmPOScPdTbsDAGJdNZQCqAtOrJZfL4fXznf:1svUek:7ZsXn8lTWN9UfRkRYxskaGiFEA4HytK8N_rEBMZtgpM','2024-10-15 04:38:38.534116');
INSERT INTO django_session VALUES('8e85f1ax4jq1b7wyataj3jkatknaf7cj','.eJxVjEEOwiAURO_C2hAQSqhL956B_OGDVA0kpV0Z726bdKHLmfdm3iLQupSw9jSHicVFaHH67UDxmeoO-EH13mRsdZknyF2RB-3y1ji9rof7d1Col22t4NRgImWboHmAiSoijrDkmdmPOScPdTbsDAGJdNZQCqAtOrJZfL4fXznf:1svUg8:BniEgLE77knFMnZkJvQMRk2adoTYig8bWJhEoEhKYsg','2024-10-15 04:40:04.771492');
INSERT INTO django_session VALUES('mwwvowv07ho8j2mmjcx4eq8uq81dlf91','.eJxVjEEOwiAURO_C2hAQSqhL956B_OGDVA0kpV0Z726bdKHLmfdm3iLQupSw9jSHicVFaHH67UDxmeoO-EH13mRsdZknyF2RB-3y1ji9rof7d1Col22t4NRgImWboHmAiSoijrDkmdmPOScPdTbsDAGJdNZQCqAtOrJZfL4fXznf:1svdap:kpgMBgLAH4HFE2Psj8Rr9AXo-E2HEkDH_D-yiFOGk-M','2024-10-15 14:11:11.266984');
INSERT INTO django_session VALUES('1rx8sa4xgcwjv9emwnt1vpwbs30ym9p9','.eJxVjEEOwiAURO_C2hAQSqhL956B_OGDVA0kpV0Z726bdKHLmfdm3iLQupSw9jSHicVFaHH67UDxmeoO-EH13mRsdZknyF2RB-3y1ji9rof7d1Col22t4NRgImWboHmAiSoijrDkmdmPOScPdTbsDAGJdNZQCqAtOrJZfL4fXznf:1sveQK:_e-ZV5WQgEqIDt0s8pJWu8bpw6Zr96lGzmU28bpAA4w','2024-10-15 15:04:24.539416');
INSERT INTO django_session VALUES('wivpx7ifxqe053u36l5ys6sl4v4twhvp','.eJxVjEEOwiAURO_C2hAQSqhL956B_OGDVA0kpV0Z726bdKHLmfdm3iLQupSw9jSHicVFaHH67UDxmeoO-EH13mRsdZknyF2RB-3y1ji9rof7d1Col22t4NRgImWboHmAiSoijrDkmdmPOScPdTbsDAGJdNZQCqAtOrJZfL4fXznf:1svhGn:8VNvMD1El-3PbvbEbrBPUDak3fc_73fxMkTvm_yU14M','2024-10-15 18:06:45.465935');
INSERT INTO django_session VALUES('u8iyi23kumsbsqkq3gzzgioh28rhxkzx','.eJxVjEEOwiAURO_C2hAQSqhL956B_OGDVA0kpV0Z726bdKHLmfdm3iLQupSw9jSHicVFaHH67UDxmeoO-EH13mRsdZknyF2RB-3y1ji9rof7d1Col22t4NRgImWboHmAiSoijrDkmdmPOScPdTbsDAGJdNZQCqAtOrJZfL4fXznf:1svhyJ:rbg0SPL1sYiGizQDelKSCg00KeC5hKPzIoQkD5r0paE','2024-10-15 18:51:43.486276');
INSERT INTO django_session VALUES('1aivdbuhquthbgncufq4ssrqwghspowm','.eJxVjEEOwiAURO_C2hAQSqhL956B_OGDVA0kpV0Z726bdKHLmfdm3iLQupSw9jSHicVFaHH67UDxmeoO-EH13mRsdZknyF2RB-3y1ji9rof7d1Col22t4NRgImWboHmAiSoijrDkmdmPOScPdTbsDAGJdNZQCqAtOrJZfL4fXznf:1sviDE:FN9VLsObebQVlJND4n35o4oIG9WV9yR8tPMJi1nY2ZQ','2024-10-15 19:07:08.170648');
INSERT INTO django_session VALUES('5b7uhzm4gwomqp2atg8rsxst6nj0c0nd','.eJxVjEEOwiAURO_C2hAQSqhL956B_OGDVA0kpV0Z726bdKHLmfdm3iLQupSw9jSHicVFaHH67UDxmeoO-EH13mRsdZknyF2RB-3y1ji9rof7d1Col22t4NRgImWboHmAiSoijrDkmdmPOScPdTbsDAGJdNZQCqAtOrJZfL4fXznf:1svsWs:8x9J9-LRVhmA2L4NtiV7QQc-lURydNRdxtjoqusgHSE','2024-10-16 06:08:06.083849');
INSERT INTO django_session VALUES('t9hy4x2akhyzvfrfv6go7w0cd7g41nqd','.eJxVjEEOwiAURO_C2hAQSqhL956B_OGDVA0kpV0Z726bdKHLmfdm3iLQupSw9jSHicVFaHH67UDxmeoO-EH13mRsdZknyF2RB-3y1ji9rof7d1Col22t4NRgImWboHmAiSoijrDkmdmPOScPdTbsDAGJdNZQCqAtOrJZfL4fXznf:1svt3W:4ttnR-n1Pk0QVfs1_szCWCy3AZ5LebfR2zNQd9byuaU','2024-10-16 06:41:50.921597');
INSERT INTO django_session VALUES('h6yuvav1bagoi4bk0rgxcgd3kh3nor5h','.eJxVjEEOwiAURO_C2hAQSqhL956B_OGDVA0kpV0Z726bdKHLmfdm3iLQupSw9jSHicVFaHH67UDxmeoO-EH13mRsdZknyF2RB-3y1ji9rof7d1Col22t4NRgImWboHmAiSoijrDkmdmPOScPdTbsDAGJdNZQCqAtOrJZfL4fXznf:1svtq0:0N5Mv3yCjUeTpucbDk37zIk206kOYk23ikkuVCqPTYs','2024-10-16 07:31:56.531920');
INSERT INTO django_session VALUES('v2hi0t90c31jvj51am7svrrmptck7f5n','.eJxVjEEOwiAURO_C2hAQSqhL956B_OGDVA0kpV0Z726bdKHLmfdm3iLQupSw9jSHicVFaHH67UDxmeoO-EH13mRsdZknyF2RB-3y1ji9rof7d1Col22t4NRgImWboHmAiSoijrDkmdmPOScPdTbsDAGJdNZQCqAtOrJZfL4fXznf:1svxFs:5AJ7Pa7BTrI7h5ZoMsGVlcSyygy9mwMfzF_G1BmKL_c','2024-10-16 11:10:52.460858');
INSERT INTO django_session VALUES('divv9j027t8jqf7pfpoacgcuyaohh51p','.eJxVjE0OwiAYBe_C2hAQgujSvWcg369UDU1Ku2q8uzbpQrdvZt5qCixzLUuXqQxsLiaZw--GQE9pG-AHtPtoaWzzNKDdFLvTbm8jy-u6u38HFXr91s4jMfBJIYiAz5yPyC5nOEflFChGcQJElFQpOYUcEkhA7wnFZzXvDyt-OdM:1svxHi:VHZseANDD5ZgHDEzNq5Pa9nhia4eA4QDAVld2YEjfTg','2024-10-16 11:12:46.444339');
INSERT INTO django_session VALUES('oucvccv5nkkizvytxkpctvjgjaw2yzvz','.eJxVjE0OwiAYBe_C2hAQgujSvWcg369UDU1Ku2q8uzbpQrdvZt5qCixzLUuXqQxsLiaZw--GQE9pG-AHtPtoaWzzNKDdFLvTbm8jy-u6u38HFXr91s4jMfBJIYiAz5yPyC5nOEflFChGcQJElFQpOYUcEkhA7wnFZzXvDyt-OdM:1svxNw:ZVJfOJn0B9w5KjqhQDEZSt6yU6VaHoXWSVbcaxWKzdI','2024-10-16 11:19:12.230891');
INSERT INTO django_session VALUES('fa84g9f4316w9hx0b578ml5z24h9qpzl','.eJxVjEEOwiAQRe_C2hBGhCku3fcMZIBBqgaS0q6Md7dNutDtf-_9t_C0LsWvnWc_JXEVKE6_W6D45LqD9KB6bzK2usxTkLsiD9rl2BK_bof7d1Col61WEc8RMF_Qah1NZk5uQKPyQAQBCNBk0o42KYWglLZGMYCLOlsgRPH5AubpN8Q:1svy3H:rPHh0w-CJH4GBHmEUCNgCdRXCCMLt01LZQQoeOg0PNo','2024-10-16 12:01:55.287316');
INSERT INTO django_session VALUES('tidrmkkc87vqh0av409vwbfji6shnujw','.eJxVjMEOgjAQRP-lZ9O0UNjWo3e-odnubi1qIKFwMv67kHDQ48x7M28VcVtL3KoscWR1VV5dfruE9JTpAPzA6T5rmqd1GZM-FH3SqoeZ5XU73b-DgrXsa4EE0DdCpm3BIQJz4D1K46H1Ngc0fcgdZjLWMVCynUPxTDZZCIbU5wv3VDhq:1svyEV:9eGbKwBhPSXpZEwnL748ow5uVWd1TyDTdvE7q7nCD60','2024-10-16 12:13:31.072990');
INSERT INTO django_session VALUES('aea1u88zuc63ntrhu84fjymxpkgeqqjl','.eJxVjEEOwiAURO_C2hAQSqhL956B_OGDVA0kpV0Z726bdKHLmfdm3iLQupSw9jSHicVFaHH67UDxmeoO-EH13mRsdZknyF2RB-3y1ji9rof7d1Col22t4NRgImWboHmAiSoijrDkmdmPOScPdTbsDAGJdNZQCqAtOrJZfL4fXznf:1swHej:qk8N-mGH53seDPzRvt1crZeD6QRVQoGSyA26THuOfS0','2024-10-17 08:57:53.179520');
INSERT INTO django_session VALUES('9aozfhq2ugnz9ra86nsx7vq1jpeyp0av','.eJxVjEEOwiAURO_C2hAQSqhL956B_OGDVA0kpV0Z726bdKHLmfdm3iLQupSw9jSHicVFaHH67UDxmeoO-EH13mRsdZknyF2RB-3y1ji9rof7d1Col22t4NRgImWboHmAiSoijrDkmdmPOScPdTbsDAGJdNZQCqAtOrJZfL4fXznf:1swLTu:aJl5GAnc3cKhU36hNOj56SGfar5vDF2khO6J_PWZQn4','2024-10-17 13:02:58.528791');
INSERT INTO django_session VALUES('7nmd4n2000xdzllf4n1dhnea4nlt5zwp','.eJxVjEEOwiAURO_C2hAQSqhL956B_OGDVA0kpV0Z726bdKHLmfdm3iLQupSw9jSHicVFaHH67UDxmeoO-EH13mRsdZknyF2RB-3y1ji9rof7d1Col22t4NRgImWboHmAiSoijrDkmdmPOScPdTbsDAGJdNZQCqAtOrJZfL4fXznf:1swMFP:fRofkhffsjG-k-vFE5DbHP61E33kHpW-VK-02xkJoNA','2024-10-17 13:52:03.529122');
INSERT INTO django_session VALUES('bsjfpd4ni4mst9fkbk5q2fblxxyzhnc1','.eJxVjMsOwiAURP-FtSFcL0-X7v0GAheQqqFJaVfGf5cmXehy5pyZN_NhW6vfel78lNiFgWCn3zIGeua2k_QI7T5zmtu6TJHvCj9o57c55df1cP8Oauh1rBVlJIEoExhw4EgoqRDUSLZItBr1iDFboyWcoTjQIusYTFRUpCjs8wXAfzZ7:1swMqm:T7KfXC1WEoImvBBFt_l_HPQaf74OwAQGNMH0KAOKPjQ','2024-10-17 14:30:40.747291');
INSERT INTO django_session VALUES('v66g2yfjldvedr4raqnomirequ6htlu3','.eJxVjMsOwiAURP-FtSFcL0-X7v0GAheQqqFJaVfGf5cmXehy5pyZN_NhW6vfel78lNiFgWCn3zIGeua2k_QI7T5zmtu6TJHvCj9o57c55df1cP8Oauh1rBVlJIEoExhw4EgoqRDUSLZItBr1iDFboyWcoTjQIusYTFRUpCjs8wXAfzZ7:1swNDc:xcMP8UdzzB_L9dR--0l9WB_X5VXM28HmNRROPaxpa9A','2024-10-17 14:54:16.354719');
INSERT INTO django_session VALUES('j3v5mbxhfoswhp7u3vfzargcb0ex7rx6','e30:1swNLo:uqh3BrHsnyC1EgtlxWZeabxnJHYYbALA97Uwyi8Fpbg','2024-10-17 15:02:44.388217');
INSERT INTO django_session VALUES('jo023rgs9vtif9bv8c59bbqgqxq8dkl9','.eJxVjMsOwiAURP-FtSFcL0-X7v0GAheQqqFJaVfGf5cmXehy5pyZN_NhW6vfel78lNiFgWCn3zIGeua2k_QI7T5zmtu6TJHvCj9o57c55df1cP8Oauh1rBVlJIEoExhw4EgoqRDUSLZItBr1iDFboyWcoTjQIusYTFRUpCjs8wXAfzZ7:1swO3u:b22h6q4_Bdp57K3IA-RPlQTok4ySFYbtxvDp7VmCAh8','2024-10-17 15:48:18.453022');
INSERT INTO django_session VALUES('q2ytgk3or70hg6yidcw38r9h16xus4wi','.eJxVjMsOwiAURP-FtSFcL0-X7v0GAheQqqFJaVfGf5cmXehy5pyZN_NhW6vfel78lNiFgWCn3zIGeua2k_QI7T5zmtu6TJHvCj9o57c55df1cP8Oauh1rBVlJIEoExhw4EgoqRDUSLZItBr1iDFboyWcoTjQIusYTFRUpCjs8wXAfzZ7:1swOmj:wiiYIr8IzlSz44lF01KzquCfTZf-g8rz7SLBtdLHgtU','2024-10-17 16:34:37.168133');
INSERT INTO django_session VALUES('ipcx7qiyxrvs7bzg7lgs8ctmbtx6z34j','.eJxVjMsOwiAURP-FtSFcL0-X7v0GAheQqqFJaVfGf5cmXehy5pyZN_NhW6vfel78lNiFgWCn3zIGeua2k_QI7T5zmtu6TJHvCj9o57c55df1cP8Oauh1rBVlJIEoExhw4EgoqRDUSLZItBr1iDFboyWcoTjQIusYTFRUpCjs8wXAfzZ7:1swd0o:WfPGFR0CBAfNcR5ze0F4_KCYpxd5y8QV2rvkBDOINlI','2024-10-18 07:46:06.696068');
CREATE TABLE IF NOT EXISTS `accounting_income` (`id` integer NOT NULL PRIMARY KEY AUTO_INCREMENT, `amount` decimal NOT NULL, `date` date NOT NULL, `user_id` integer NOT NULL REFERENCES `auth_user` (`id`) `, `category` varchar(20) NOT NULL);
CREATE TABLE IF NOT EXISTS `accounting_expense` (`id` integer NOT NULL PRIMARY KEY AUTO_INCREMENT, `amount` decimal NOT NULL, `date` date NOT NULL, `user_id` integer NOT NULL REFERENCES `auth_user` (`id`) `, `subcategory` varchar(20) NULL, `category` varchar(20) NOT NULL);
INSERT INTO accounting_expense VALUES(72,100,'2024-10-01',10,'atocosmetics','transport');
CREATE TABLE IF NOT EXISTS `accounting_carexpense` (`id` integer NOT NULL PRIMARY KEY AUTO_INCREMENT, `car_name` varchar(100) NULL, `mileage` integer NULL, `date` date NOT NULL, `amount` decimal NOT NULL, `category` varchar(100) NOT NULL, `subcategory` varchar(100) NOT NULL, `user_id` integer NOT NULL REFERENCES `auth_user` (`id`) `, `expense_id` bigint NULL UNIQUE REFERENCES `accounting_expense` (`id`) `, `note` text NULL);
INSERT INTO accounting_carexpense VALUES(11,'Хендай Акцент',85000,'2024-10-01',100,'transport','atocosmetics',10,72,'Шампунь');
CREATE TABLE IF NOT EXISTS `accounting_userprofile` (`id` integer NOT NULL PRIMARY KEY AUTO_INCREMENT, `middle_name` varchar(150) NULL, `phone` varchar(15) NULL, `avatar` varchar(100) NULL, `user_id` integer NOT NULL UNIQUE REFERENCES `auth_user` (`id`) `);
INSERT INTO accounting_userprofile VALUES(1,'Александровна','1234567','avatars/CatInGlass.jpg',10);
INSERT INTO accounting_userprofile VALUES(2,'None','None','avatars/knigi.jpg',11);
DELETE FROM sqlite_sequence;
INSERT INTO sqlite_sequence VALUES('django_migrations',30);
INSERT INTO sqlite_sequence VALUES('django_admin_log',14);
INSERT INTO sqlite_sequence VALUES('django_content_type',10);
INSERT INTO sqlite_sequence VALUES('auth_permission',40);
INSERT INTO sqlite_sequence VALUES('auth_group',0);
INSERT INTO sqlite_sequence VALUES('auth_user',11);
INSERT INTO sqlite_sequence VALUES('accounting_income',29);
INSERT INTO sqlite_sequence VALUES('accounting_expense',72);
INSERT INTO sqlite_sequence VALUES('accounting_carexpense',11);
INSERT INTO sqlite_sequence VALUES('accounting_userprofile',2);
CREATE UNIQUE INDEX `auth_group_permissions_group_id_permission_id_0cd325b0_uniq` ON `auth_group_permissions` (`group_id`, `permission_id`);
CREATE INDEX `auth_group_permissions_group_id_b120cbf9` ON `auth_group_permissions` (`group_id`);
CREATE INDEX `auth_group_permissions_permission_id_84c5c92e` ON `auth_group_permissions` (`permission_id`);
CREATE UNIQUE INDEX `auth_user_groups_user_id_group_id_94350c0c_uniq` ON `auth_user_groups` (`user_id`, `group_id`);
CREATE INDEX `auth_user_groups_user_id_6a12ed8b` ON `auth_user_groups` (`user_id`);
CREATE INDEX `auth_user_groups_group_id_97559544` ON `auth_user_groups` (`group_id`);
CREATE UNIQUE INDEX `auth_user_user_permissions_user_id_permission_id_14a6b632_uniq` ON `auth_user_user_permissions` (`user_id`, `permission_id`);
CREATE INDEX `auth_user_user_permissions_user_id_a95ead1b` ON `auth_user_user_permissions` (`user_id`);
CREATE INDEX `auth_user_user_permissions_permission_id_1fbb5f2c` ON `auth_user_user_permissions` (`permission_id`);
CREATE INDEX `django_admin_log_content_type_id_c4bce8eb` ON `django_admin_log` (`content_type_id`);
CREATE INDEX `django_admin_log_user_id_c564eba6` ON `django_admin_log` (`user_id`);
CREATE UNIQUE INDEX `django_content_type_app_label_model_76bd3d3b_uniq` ON `django_content_type` (`app_label`, `model`);
CREATE UNIQUE INDEX `auth_permission_content_type_id_codename_01ab375a_uniq` ON `auth_permission` (`content_type_id`, `codename`);
CREATE INDEX `auth_permission_content_type_id_2f476e4b` ON `auth_permission` (`content_type_id`);
CREATE INDEX `django_session_expire_date_a5c62663` ON `django_session` (`expire_date`);
CREATE INDEX `accounting_income_user_id_10edcb04` ON `accounting_income` (`user_id`);
CREATE INDEX `accounting_expense_user_id_0fde138e` ON `accounting_expense` (`user_id`);
CREATE INDEX `accounting_carexpense_user_id_9d1d2144` ON `accounting_carexpense` (`user_id`);

